alcatel_aos,alcatel_sros,allied_telesis_awplus,arista_eos,aruba_os,avaya_ers,avaya_vsp,broadcom_icos,brocade_netiron,checkpoint_gaia,cisco_asa,cisco_ftd,cisco_ios,cisco_nxos,cisco_s300,cisco_xr,dell_force10,dlink_ds,eltex,ericsson_ipos,extreme_exos,hp_comware,hp_procurve,huawei_smartax,huawei_vrp,ipinfusion_ocnos,juniper_junos,linux,ubiquiti_edgerouter,ubiquiti_edgeswitch,vyatta_vyos,yamaha,zyxel_os
0.24124479293823242,3.3710460662841797,2.7472710609436035,0.7896828651428223,0.5254149436950684,2.6858348846435547,2.728250026702881,2.8889598846435547,2.682497024536133,0.44769716262817383,1.2597100734710693,0.17629694938659668,0.8065979480743408,0.7861630916595459,2.860874891281128,10.674477815628052,0.4787259101867676,2.858707904815674,2.650557041168213,0.7099969387054443,2.996654987335205,2.7621049880981445,6.616904973983765,2.6881909370422363,2.7961559295654297,5.032657861709595,11.303065776824951,0.2240598201751709,5.2908759117126465,5.3060290813446045,5.425340175628662,0.5934481620788574,2.5225160121917725
0.1945509910583496,3.4055590629577637,2.744710922241211,0.8179938793182373,0.5213320255279541,2.7093169689178467,2.7232258319854736,2.909296751022339,2.627340078353882,0.4223451614379883,1.1485979557037354,0.20282483100891113,0.7402329444885254,0.7531812191009521,2.9369449615478516,10.764484167098999,0.4506058692932129,2.869824171066284,2.6321489810943604,0.6654531955718994,2.845964193344116,2.7412149906158447,6.52010703086853,2.6749770641326904,2.738539934158325,5.003242015838623,11.236285209655762,0.22851300239562988,5.319947004318237,5.265432834625244,5.438873767852783,0.6059539318084717,2.489990234375
0.21214723587036133,3.386302947998047,2.6987340450286865,0.7717421054840088,0.5184321403503418,2.655466079711914,2.710491895675659,2.859488010406494,2.6309609413146973,0.4615910053253174,1.1735038757324219,0.19637680053710938,0.7042150497436523,0.7311668395996094,2.8781330585479736,10.707182168960571,0.4381721019744873,2.871854066848755,2.6263458728790283,0.65830397605896,2.8472278118133545,2.696474075317383,6.53584623336792,2.681607961654663,2.785454034805298,5.025560140609741,11.359848260879517,0.257174015045166,5.338412046432495,5.237279891967773,5.409446954727173,0.5330250263214111,2.4984829425811768
0.20047903060913086,3.19301700592041,2.726454019546509,0.7679293155670166,0.5243918895721436,2.686328887939453,2.7004992961883545,2.8772268295288086,2.6645219326019287,0.40996575355529785,1.0950710773468018,0.21595072746276855,0.7041761875152588,0.7365350723266602,2.8718371391296387,10.677173137664795,0.4459569454193115,2.858135938644409,2.65585994720459,0.7131800651550293,2.9929158687591553,2.760895013809204,6.599092960357666,2.714195966720581,2.809689998626709,5.05228590965271,11.40024209022522,0.2324810028076172,5.3039329051971436,5.272175312042236,5.410153150558472,0.566931962966919,2.471143960952759
0.20057320594787598,3.3732528686523438,2.7158241271972656,0.7699260711669922,0.5625557899475098,2.6757638454437256,2.7054810523986816,2.9497649669647217,2.670305013656616,0.45410919189453125,1.2410471439361572,0.21596598625183105,0.8009159564971924,0.789010763168335,2.9205687046051025,10.730089902877808,0.43108510971069336,2.8287789821624756,2.6565749645233154,0.6808810234069824,2.842797040939331,2.7645461559295654,6.631659030914307,2.746365785598755,2.81264591217041,5.047545909881592,11.37678575515747,0.2120351791381836,5.27362585067749,5.250439167022705,5.416060924530029,0.6059651374816895,2.5084869861602783
0.20589685440063477,3.3863229751586914,2.7407729625701904,0.771233081817627,0.527022123336792,2.6526310443878174,2.722529888153076,2.9124209880828857,2.6782729625701904,0.4503970146179199,1.1916651725769043,0.22415924072265625,0.7749700546264648,0.785207986831665,2.9406261444091797,10.741467952728271,0.4557511806488037,2.880369186401367,2.626585006713867,0.6924893856048584,2.9782121181488037,2.749622106552124,6.617990016937256,2.6647820472717285,2.807518243789673,5.058092832565308,11.244200944900513,0.2235860824584961,5.335578918457031,5.261156797409058,5.4279632568359375,0.5768821239471436,2.5007901191711426
0.20381736755371094,3.414108991622925,2.7543609142303467,0.7832369804382324,0.5442800521850586,2.6603739261627197,2.700495958328247,2.833294153213501,2.6277198791503906,0.40361976623535156,1.228377103805542,0.21650195121765137,0.771557092666626,0.7703649997711182,2.923872947692871,10.741926908493042,0.4841887950897217,2.8582918643951416,2.6762943267822266,0.7341148853302002,2.98508620262146,2.7667300701141357,6.5723230838775635,2.70389723777771,2.802654981613159,5.059185266494751,11.291597127914429,0.23963594436645508,5.314625978469849,5.266118049621582,5.389668226242065,0.5558619499206543,2.5120089054107666
0.2106468677520752,3.4066319465637207,2.7377827167510986,0.7604880332946777,0.5153601169586182,2.6646010875701904,2.7004847526550293,2.916605234146118,2.673516035079956,0.42109107971191406,1.178391695022583,0.20869898796081543,0.8406112194061279,0.8024008274078369,2.9225757122039795,10.755061864852905,0.42948293685913086,2.8472468852996826,2.6682560443878174,0.714526891708374,2.9746217727661133,2.7314891815185547,6.612719774246216,2.7005550861358643,2.801755905151367,5.047736167907715,11.400464057922363,0.2220628261566162,5.3283069133758545,5.228163957595825,5.369784116744995,0.5648460388183594,2.5042848587036133
0.20966124534606934,3.4176509380340576,2.75982403755188,0.815526008605957,0.5243978500366211,2.6733810901641846,2.7307488918304443,2.930007219314575,2.6656839847564697,0.40149784088134766,1.0908310413360596,0.21287202835083008,0.7816240787506104,0.7634501457214355,2.8979318141937256,10.709126234054565,0.46239638328552246,2.8616650104522705,2.6863949298858643,0.7217371463775635,2.986147165298462,2.7511651515960693,6.606330871582031,2.714966058731079,2.779099941253662,5.029869079589844,11.3542160987854,0.23628711700439453,5.287729978561401,5.268204212188721,5.421643972396851,0.5917630195617676,2.4905900955200195
0.21369123458862305,3.437467098236084,2.6889710426330566,0.7585148811340332,0.5393872261047363,2.670152187347412,2.7088229656219482,2.859217882156372,2.649519205093384,0.4275839328765869,1.2752540111541748,0.1945950984954834,0.7778511047363281,0.7946929931640625,2.9247279167175293,10.70022201538086,0.4391970634460449,2.8847548961639404,2.6436920166015625,0.7130577564239502,2.9843850135803223,2.7525997161865234,6.626049041748047,2.680990219116211,2.768674612045288,4.995786905288696,11.350889921188354,0.226485013961792,5.316997289657593,5.28959584236145,5.4587178230285645,0.6001608371734619,2.4965598583221436
0.20582008361816406,3.3902220726013184,2.718980073928833,0.7419500350952148,0.5137720108032227,2.6502208709716797,2.6952931880950928,2.803842067718506,2.637572765350342,0.4125239849090576,1.2662689685821533,0.22101783752441406,0.8006021976470947,0.8138649463653564,2.948723077774048,10.691684007644653,0.42791104316711426,2.8517661094665527,2.6619060039520264,0.6951212882995605,2.966596841812134,2.7178571224212646,6.559804916381836,2.672429084777832,2.8139472007751465,5.046082019805908,11.446673154830933,0.20893478393554688,5.296435117721558,5.250638008117676,5.403016090393066,0.5875840187072754,2.511368989944458
0.20596933364868164,3.3866710662841797,2.7363457679748535,0.8352711200714111,0.5659217834472656,2.685903787612915,2.7255048751831055,2.9334120750427246,2.6935789585113525,0.4620361328125,1.2003200054168701,0.1843550205230713,0.7550687789916992,0.7612218856811523,2.912527084350586,10.724063873291016,0.48848605155944824,2.8856258392333984,2.6773698329925537,0.7412872314453125,2.9630730152130127,2.712374210357666,6.631041049957275,2.693488836288452,2.7715229988098145,5.026692867279053,11.315675258636475,0.2147359848022461,5.312148094177246,5.297013998031616,5.4446210861206055,0.5844156742095947,2.4873530864715576
0.2149980068206787,3.4389970302581787,2.7228012084960938,0.724553108215332,0.5666179656982422,2.6713500022888184,2.7005529403686523,2.8983731269836426,2.65047025680542,0.4399240016937256,1.2609028816223145,0.195512056350708,0.8175170421600342,0.8292999267578125,2.929058074951172,10.721859216690063,0.47477006912231445,2.889218807220459,2.650547981262207,0.6964519023895264,2.9928781986236572,2.7545979022979736,6.5447611808776855,2.686624050140381,2.7912068367004395,5.019572973251343,11.430783987045288,0.23432683944702148,5.333398103713989,5.315402984619141,5.335105895996094,0.5386509895324707,2.4871039390563965
0.20081496238708496,3.311052083969116,2.7035598754882812,0.7223889827728271,0.5533370971679688,2.676074981689453,2.694477081298828,2.852942943572998,2.6306099891662598,0.40900516510009766,1.1328959465026855,0.18723106384277344,0.7697041034698486,0.7370610237121582,2.9555978775024414,10.754750967025757,0.47568321228027344,2.88844895362854,2.6633448600769043,0.6754970550537109,2.9409098625183105,2.7290151119232178,6.583025217056274,2.7162818908691406,2.8001251220703125,5.047173976898193,11.364978790283203,0.2312009334564209,5.284312725067139,5.255695104598999,5.3552892208099365,0.572209358215332,2.5007376670837402
0.19428396224975586,3.1909658908843994,2.7429168224334717,0.7410848140716553,0.5201830863952637,2.6280291080474854,2.6776649951934814,2.812579870223999,2.636608123779297,0.431621789932251,1.200596809387207,0.21420073509216309,0.8087739944458008,0.8147659301757812,2.933264970779419,10.744218111038208,0.48520684242248535,2.877286195755005,2.6559479236602783,0.7417879104614258,2.9948301315307617,2.7497050762176514,6.550734996795654,2.7054760456085205,2.7770602703094482,4.982603073120117,11.278099775314331,0.2506847381591797,5.293280839920044,5.2613139152526855,5.371010065078735,0.5700209140777588,2.4984188079833984
0.19647693634033203,3.3632659912109375,2.701540946960449,0.7534322738647461,0.48235416412353516,2.702061653137207,2.727076292037964,2.8958380222320557,2.667076826095581,0.44484806060791016,1.273271083831787,0.20385384559631348,0.8101480007171631,0.772409200668335,2.9145829677581787,10.739698886871338,0.47790002822875977,2.8893320560455322,2.645221710205078,0.6682600975036621,3.0004286766052246,2.720529079437256,6.6126110553741455,2.7174949645996094,2.800929069519043,5.033114910125732,11.364446878433228,0.24393892288208008,5.310749053955078,5.318982839584351,5.410153150558472,0.5502321720123291,2.478929042816162
0.1892869472503662,3.2069201469421387,2.7113559246063232,0.7396252155303955,0.5406479835510254,2.6160120964050293,2.6860129833221436,2.8696651458740234,2.62176775932312,0.43703198432922363,1.1760361194610596,0.19219493865966797,0.7394711971282959,0.7378189563751221,2.8744492530822754,10.742624759674072,0.4695429801940918,2.8424782752990723,2.6543328762054443,0.6794276237487793,2.956645965576172,2.7181570529937744,6.626769781112671,2.6964967250823975,2.8130061626434326,5.056882858276367,11.383931159973145,0.21981000900268555,5.314060211181641,5.264644145965576,5.3760998249053955,0.584456205368042,2.508064031600952
0.20731282234191895,3.3671388626098633,2.728816032409668,0.7704191207885742,0.54233717918396,2.6879959106445312,2.7219438552856445,2.8841018676757812,2.6712141036987305,0.44215989112854004,1.1693618297576904,0.20578885078430176,0.828125,0.8027558326721191,2.953199863433838,10.705298900604248,0.4622039794921875,2.864737033843994,2.640775203704834,0.6501979827880859,2.948807954788208,2.7537949085235596,6.66392183303833,2.6961662769317627,2.809976100921631,5.05373477935791,11.344639301300049,0.23678970336914062,5.3043248653411865,5.205981016159058,5.439916133880615,0.5959570407867432,2.487578868865967
0.20058584213256836,3.3565549850463867,2.744499921798706,0.787092924118042,0.5793070793151855,2.67079496383667,2.74619197845459,2.9101808071136475,2.6397078037261963,0.43021202087402344,1.1899127960205078,0.19095587730407715,0.75724196434021,0.78153395652771,2.9145610332489014,10.71121096611023,0.5100469589233398,2.8965702056884766,2.670206069946289,0.6704230308532715,2.990773916244507,2.7582497596740723,6.59212589263916,2.698707103729248,2.7784299850463867,5.003118991851807,11.352954149246216,0.23052024841308594,5.334925174713135,5.288474082946777,5.438776731491089,0.5758037567138672,2.4929721355438232
0.21759605407714844,3.400096893310547,2.7118778228759766,0.7863268852233887,0.561251163482666,2.656986951828003,2.700601100921631,2.8503129482269287,2.6129307746887207,0.4251670837402344,1.1923460960388184,0.1948258876800537,0.8275327682495117,0.8025667667388916,2.9222609996795654,10.732178211212158,0.5071501731872559,2.870075225830078,2.659372091293335,0.6817197799682617,2.971459150314331,2.726547956466675,6.580910921096802,2.6880099773406982,2.7671959400177,5.059063196182251,11.425029993057251,0.24500584602355957,5.321290969848633,5.30035400390625,5.4086267948150635,0.5912981033325195,2.5058460235595703
0.19013595581054688,3.3305978775024414,2.709882974624634,0.7545928955078125,0.5102472305297852,2.6501691341400146,2.7140090465545654,2.9114203453063965,2.6789839267730713,0.46364808082580566,1.227107048034668,0.2006540298461914,0.800602912902832,0.7979552745819092,2.9227378368377686,10.764691352844238,0.4769420623779297,2.8953402042388916,2.6512651443481445,0.7415649890899658,2.962451934814453,2.7291030883789062,6.5807366371154785,2.66092586517334,2.7786788940429688,5.035659074783325,11.441518068313599,0.2308211326599121,5.309621095657349,5.299443244934082,5.416138172149658,0.5688610076904297,2.494201183319092
0.2196650505065918,3.4029412269592285,2.721611976623535,0.8106527328491211,0.558347225189209,2.6617331504821777,2.712033987045288,2.8954837322235107,2.6569550037384033,0.4590108394622803,1.2097752094268799,0.2198011875152588,0.7612628936767578,0.7869911193847656,2.891450881958008,10.681643962860107,0.4525282382965088,2.8510777950286865,2.6386542320251465,0.7364029884338379,3.008333683013916,2.7407171726226807,6.6357340812683105,2.726773977279663,2.798739194869995,5.026616096496582,11.39090895652771,0.22379207611083984,5.275559902191162,5.214522123336792,5.400444984436035,0.6088001728057861,2.486293315887451
0.21200108528137207,3.42236590385437,2.742021083831787,0.7782101631164551,0.5129992961883545,2.6132590770721436,2.6892929077148438,2.874011993408203,2.657029151916504,0.40972900390625,1.1399741172790527,0.1982579231262207,0.7716479301452637,0.8203158378601074,2.952707052230835,10.772938013076782,0.46610474586486816,2.8825268745422363,2.655472993850708,0.6997461318969727,2.97251296043396,2.715765953063965,6.60902214050293,2.6854517459869385,2.7582039833068848,5.0483739376068115,11.376405000686646,0.2267909049987793,5.318469762802124,5.264562129974365,5.411297082901001,0.5737261772155762,2.5098023414611816
0.21109771728515625,3.4121620655059814,2.719658851623535,0.7471048831939697,0.5264911651611328,2.6563069820404053,2.6974282264709473,2.9004852771759033,2.6596739292144775,0.4507021903991699,1.167145013809204,0.1920151710510254,0.7468948364257812,0.7642560005187988,2.9520928859710693,10.72165822982788,0.4673430919647217,2.87284517288208,2.6389079093933105,0.7040321826934814,2.8761990070343018,2.7445788383483887,6.580828905105591,2.7005438804626465,2.8005659580230713,5.043445825576782,11.331219911575317,0.24139118194580078,5.310534238815308,5.260365962982178,5.41637396812439,0.6002318859100342,2.4926068782806396
0.20419096946716309,3.364733934402466,2.752570152282715,0.822049617767334,0.5658390522003174,2.6884679794311523,2.7005388736724854,2.914018154144287,2.65458607673645,0.4211146831512451,1.1992018222808838,0.22133398056030273,0.7389249801635742,0.7162470817565918,2.9129791259765625,10.706976175308228,0.5083000659942627,2.8835761547088623,2.6757259368896484,0.7264540195465088,2.9597551822662354,2.7396140098571777,6.629069089889526,2.703641891479492,2.7398159503936768,5.026995897293091,11.251030921936035,0.22898507118225098,5.286884069442749,5.262583017349243,5.366095781326294,0.5643007755279541,2.5261309146881104
0.20448088645935059,3.2646121978759766,2.739690065383911,0.7466230392456055,0.5226480960845947,2.6797420978546143,2.703505754470825,2.906827211380005,2.6626360416412354,0.4229462146759033,1.1458988189697266,0.200545072555542,0.7265160083770752,0.7436099052429199,2.932806968688965,10.688802003860474,0.4617190361022949,2.862517833709717,2.677220106124878,0.7100462913513184,2.93859601020813,2.7042059898376465,6.565778970718384,2.72202205657959,2.772948980331421,5.016556978225708,11.27462100982666,0.22460627555847168,5.358982801437378,5.310832738876343,5.429808139801025,0.5830450057983398,2.497446298599243
0.20404481887817383,3.4035162925720215,2.7495410442352295,0.7503871917724609,0.5510740280151367,2.6895430088043213,2.7351419925689697,2.8964931964874268,2.6213788986206055,0.4542877674102783,1.2549982070922852,0.20631694793701172,0.8140628337860107,0.7909200191497803,2.913147211074829,10.684422016143799,0.4675788879394531,2.862100839614868,2.645461320877075,0.6717021465301514,2.840735912322998,2.7090890407562256,6.542365789413452,2.6551499366760254,2.7549450397491455,5.012030839920044,11.32869577407837,0.2430257797241211,5.357873201370239,5.325520038604736,5.429089784622192,0.5796530246734619,2.4950687885284424
0.19109702110290527,3.2177278995513916,2.735581874847412,0.7778408527374268,0.5421829223632812,2.681309938430786,2.7251200675964355,2.8646981716156006,2.659621000289917,0.45035409927368164,1.2247638702392578,0.20050978660583496,0.7989192008972168,0.7797434329986572,2.913710832595825,10.688673734664917,0.4502737522125244,2.851548910140991,2.622987747192383,0.7285182476043701,2.981196165084839,2.7360048294067383,6.571030139923096,2.7251639366149902,2.8255369663238525,5.001589059829712,11.328850984573364,0.23977184295654297,5.316492080688477,5.264571189880371,5.439662933349609,0.6127338409423828,2.4917969703674316
0.18651795387268066,3.398989200592041,2.7150959968566895,0.7362008094787598,0.4806649684906006,2.688013792037964,2.677891731262207,2.9032208919525146,2.6298460960388184,0.42914891242980957,1.1964828968048096,0.20911693572998047,0.8297727108001709,0.8237860202789307,2.949474811553955,10.734673023223877,0.4870889186859131,2.8937971591949463,2.696129083633423,0.6942551136016846,2.8652632236480713,2.7227399349212646,6.615202188491821,2.6702449321746826,2.7685530185699463,5.080287218093872,11.412259817123413,0.2507340908050537,5.331496953964233,5.271074056625366,5.386632919311523,0.5918688774108887,2.478480815887451
0.1889958381652832,3.3574159145355225,2.7244620323181152,0.7456099987030029,0.5434088706970215,2.68239688873291,2.714704990386963,2.9145946502685547,2.6403648853302,0.4513430595397949,1.226853847503662,0.18907904624938965,0.7458932399749756,0.8028812408447266,2.978440284729004,10.73147702217102,0.47873401641845703,2.849562883377075,2.652547836303711,0.7044501304626465,2.8426949977874756,2.7066569328308105,6.619308710098267,2.7386698722839355,2.820634126663208,5.012218236923218,11.419646978378296,0.24634289741516113,5.3092122077941895,5.258678913116455,5.3485376834869385,0.6325960159301758,2.4901959896087646
0.18736910820007324,3.4099159240722656,2.7525389194488525,0.8097047805786133,0.5290119647979736,2.65364408493042,2.7353999614715576,2.87572979927063,2.6470887660980225,0.41721296310424805,1.1990630626678467,0.18743109703063965,0.7643699645996094,0.7921798229217529,2.9529500007629395,10.693126916885376,0.48513102531433105,2.8867900371551514,2.678360939025879,0.7296860218048096,2.971846103668213,2.7245540618896484,6.53190803527832,2.670290946960449,2.776695966720581,5.043709993362427,11.380640029907227,0.2272791862487793,5.322808027267456,5.259075880050659,5.4306159019470215,0.5592257976531982,2.4820728302001953
0.1968090534210205,3.400376081466675,2.726139783859253,0.7446699142456055,0.5268580913543701,2.674323797225952,2.6912457942962646,2.9071707725524902,2.664703130722046,0.45717692375183105,1.2721281051635742,0.20995211601257324,0.7660882472991943,0.8083209991455078,2.90936279296875,10.744502067565918,0.4913959503173828,2.888882875442505,2.6810030937194824,0.7164196968078613,2.880108118057251,2.72871994972229,6.561223268508911,2.6945722103118896,2.795559883117676,5.040505886077881,11.378416061401367,0.214522123336792,5.327471971511841,5.2050299644470215,5.418493032455444,0.6004159450531006,2.4893980026245117
0.18448209762573242,3.405244827270508,2.7527480125427246,0.8293020725250244,0.5614609718322754,2.688441038131714,2.7183871269226074,2.924912691116333,2.647514820098877,0.4457509517669678,1.2040631771087646,0.19226908683776855,0.7920372486114502,0.7685329914093018,2.940670967102051,10.731741905212402,0.4516031742095947,2.8485069274902344,2.6505157947540283,0.6909210681915283,2.8756840229034424,2.7556369304656982,6.592706918716431,2.717919111251831,2.7962450981140137,5.041802167892456,11.40303087234497,0.25720715522766113,5.277497053146362,5.268773794174194,5.45468807220459,0.5845417976379395,2.506347179412842
0.20575499534606934,3.237072706222534,2.738374710083008,0.7331540584564209,0.5218749046325684,2.641829013824463,2.7151811122894287,2.863713026046753,2.6412689685821533,0.42275118827819824,1.2168858051300049,0.20316314697265625,0.7679219245910645,0.7633438110351562,2.959326982498169,10.740347862243652,0.47425293922424316,2.8776628971099854,2.672733783721924,0.6841681003570557,2.9910638332366943,2.7586469650268555,6.569060802459717,2.684906005859375,2.7711222171783447,5.040179967880249,11.371906995773315,0.26283907890319824,5.336328983306885,5.269027948379517,5.423980236053467,0.5791428089141846,2.4990570545196533
0.21800804138183594,3.329000949859619,2.667937755584717,0.6958551406860352,0.457564115524292,2.6174488067626953,2.653903007507324,2.819648027420044,2.612017869949341,0.4171719551086426,1.0526301860809326,0.20061993598937988,0.6839580535888672,0.7273070812225342,2.8230879306793213,10.624152898788452,0.4182441234588623,2.807605028152466,2.600907802581787,0.6331720352172852,2.8059239387512207,2.6773600578308105,6.480970144271851,2.639406681060791,2.702108860015869,4.945096015930176,11.224494695663452,0.19388699531555176,5.213848114013672,5.118575096130371,5.307975769042969,0.5269758701324463,2.483916759490967
0.18499302864074707,3.303457021713257,2.6686789989471436,0.7345607280731201,0.5261409282684326,2.637206792831421,2.663602113723755,2.792639970779419,2.5978119373321533,0.37427592277526855,1.0480749607086182,0.18890595436096191,0.669431209564209,0.667999267578125,2.8154001235961914,10.630216121673584,0.4111630916595459,2.8208420276641846,2.599402904510498,0.6411101818084717,2.7967281341552734,2.6723361015319824,6.495128870010376,2.643913984298706,2.7399697303771973,5.011355876922607,11.244194984436035,0.19328999519348145,5.236219167709351,5.193518161773682,5.327582836151123,0.5408358573913574,2.476487159729004
0.18950676918029785,3.2721428871154785,2.6742351055145264,0.6967718601226807,0.49527692794799805,2.605319023132324,2.648547887802124,2.8339409828186035,2.604624032974243,0.40306997299194336,1.136411190032959,0.20059704780578613,0.7138559818267822,0.7071352005004883,2.869441032409668,10.652468919754028,0.45154571533203125,2.8418147563934326,2.6165871620178223,0.6845211982727051,2.956598997116089,2.69789719581604,6.5506272315979,2.7333791255950928,2.8002209663391113,5.014542818069458,11.394659042358398,0.2299351692199707,5.273426294326782,5.257720947265625,5.433826923370361,0.5937411785125732,2.5192019939422607
0.21134209632873535,3.2109007835388184,2.7378039360046387,0.7420480251312256,0.5017509460449219,2.6891019344329834,2.697965145111084,2.8735411167144775,2.624025821685791,0.41664624214172363,1.1695287227630615,0.2060549259185791,0.8085029125213623,0.7305810451507568,2.9454870223999023,10.700763940811157,0.4301187992095947,2.8837060928344727,2.6291232109069824,0.7158877849578857,2.993530035018921,2.7591958045959473,6.600111961364746,2.7049732208251953,2.7489750385284424,5.028866767883301,11.362273216247559,0.26615333557128906,5.359051942825317,5.3010640144348145,5.394547939300537,0.5636558532714844,2.4796159267425537
0.19507098197937012,3.4103710651397705,2.744813919067383,0.7945599555969238,0.5466287136077881,2.67826509475708,2.728264808654785,2.9287469387054443,2.6596500873565674,0.4619331359863281,1.2428078651428223,0.2005612850189209,0.7989909648895264,0.7626669406890869,2.8543689250946045,10.698703289031982,0.4876060485839844,2.866560935974121,2.6729719638824463,0.7260568141937256,2.9759631156921387,2.7860939502716064,6.600492000579834,2.6669838428497314,2.799311876296997,5.0041821002960205,11.355288028717041,0.23907685279846191,5.257249116897583,5.278854131698608,5.4597461223602295,0.6116979122161865,2.5116641521453857
0.20931196212768555,3.4086058139801025,2.7517879009246826,0.771672248840332,0.5269560813903809,2.706787109375,2.7089829444885254,2.922484874725342,2.646498680114746,0.4423842430114746,1.2048311233520508,0.2161252498626709,0.7504000663757324,0.7773430347442627,2.9393422603607178,10.745356798171997,0.49338507652282715,2.8825976848602295,2.690565824508667,0.5605649948120117,2.978940963745117,2.747079849243164,6.473115921020508,2.6344070434570312,2.783520221710205,5.045001029968262,11.356033086776733,0.25049901008605957,5.305777072906494,5.295817852020264,5.441742181777954,0.5579931735992432,2.5006349086761475
0.19268512725830078,3.3731698989868164,2.7080190181732178,0.8047707080841064,0.5480811595916748,2.7004940509796143,2.7220959663391113,2.929818868637085,2.641512155532837,0.4379770755767822,1.2446799278259277,0.2011110782623291,0.8404710292816162,0.8247911930084229,2.9282312393188477,10.73957109451294,0.46546411514282227,2.8894031047821045,2.6451051235198975,0.7126741409301758,2.97822904586792,2.7860758304595947,6.617480039596558,2.7173972129821777,2.7855098247528076,5.038177013397217,11.400412797927856,0.2198028564453125,5.330549955368042,5.266110420227051,5.394927024841309,0.5874688625335693,2.5044209957122803
0.20600199699401855,3.3612747192382812,2.7155721187591553,0.8103611469268799,0.5009441375732422,2.668062925338745,2.725691080093384,2.884589672088623,2.632498025894165,0.42250895500183105,1.1343178749084473,0.20895719528198242,0.7741279602050781,0.7854189872741699,2.9446821212768555,10.74171495437622,0.4892129898071289,2.885219097137451,2.67051100730896,0.7125999927520752,2.8489127159118652,2.7798938751220703,6.579756021499634,2.6927080154418945,2.798269033432007,5.035457611083984,11.38960576057434,0.24153709411621094,5.3503217697143555,5.1768479347229,5.416081190109253,0.5864331722259521,2.4879608154296875
0.21628069877624512,3.377993106842041,2.7238259315490723,0.7317230701446533,0.5155251026153564,2.665372133255005,2.70273494720459,2.917495012283325,2.6712098121643066,0.44920802116394043,1.2441520690917969,0.22456884384155273,0.8029961585998535,0.7972688674926758,2.934175968170166,10.71296501159668,0.4555790424346924,2.8809502124786377,2.64931321144104,0.6951780319213867,2.9897360801696777,2.741410732269287,6.610107898712158,2.6792409420013428,2.7822980880737305,5.030389070510864,11.41057276725769,0.24529218673706055,5.306686878204346,5.224755048751831,5.450441122055054,0.6076760292053223,2.498389959335327
0.21268105506896973,3.3793938159942627,2.7351248264312744,0.7429821491241455,0.5371999740600586,2.6791281700134277,2.728610038757324,2.9299368858337402,2.6518540382385254,0.4388248920440674,1.1774578094482422,0.20116019248962402,0.8119890689849854,0.7879130840301514,2.899732828140259,10.753545999526978,0.4506261348724365,2.8604800701141357,2.6456780433654785,0.654583215713501,2.9842443466186523,2.7554988861083984,6.596526861190796,2.700540781021118,2.762042284011841,5.057203054428101,11.450103759765625,0.24915003776550293,5.3553948402404785,5.221924304962158,5.376534938812256,0.5502171516418457,2.4982059001922607
0.20007777214050293,3.1946120262145996,2.702173948287964,0.7386891841888428,0.5319459438323975,2.6634421348571777,2.6753830909729004,2.8360931873321533,2.6194450855255127,0.40271425247192383,1.1096277236938477,0.20083212852478027,0.7839570045471191,0.7994680404663086,2.9473800659179688,10.730422019958496,0.46549296379089355,2.885852813720703,2.660850763320923,0.7416229248046875,2.970288038253784,2.690234899520874,6.534156084060669,2.6642491817474365,2.7930643558502197,5.052961826324463,11.333312034606934,0.25073790550231934,5.281962871551514,5.181694030761719,5.35549521446228,0.5519280433654785,2.494581937789917
0.2004549503326416,3.2001709938049316,2.762586832046509,0.7895569801330566,0.5973057746887207,2.62562894821167,2.746295213699341,2.9203970432281494,2.646350860595703,0.44580793380737305,1.2021839618682861,0.21199512481689453,0.770698070526123,0.7916228771209717,2.9631800651550293,10.692890167236328,0.4731321334838867,2.8583617210388184,2.662910223007202,0.6969289779663086,2.863286018371582,2.742522954940796,6.588377237319946,2.6605889797210693,2.7387330532073975,5.026806831359863,11.294899940490723,0.2454698085784912,5.3006751537323,5.277395963668823,5.373398065567017,0.5952892303466797,2.5049610137939453
0.21442508697509766,3.420820951461792,2.7413361072540283,0.8153848648071289,0.5683188438415527,2.694779872894287,2.7142200469970703,2.8571619987487793,2.6492369174957275,0.4234609603881836,1.1701140403747559,0.1745891571044922,0.6878831386566162,0.7536687850952148,2.948185920715332,10.700814962387085,0.4582698345184326,2.8764050006866455,2.6835148334503174,0.7208089828491211,2.989570140838623,2.749161958694458,6.553553819656372,2.6547038555145264,2.750396728515625,4.997161865234375,11.346204996109009,0.2343311309814453,5.323518991470337,5.261224985122681,5.4233880043029785,0.5764009952545166,2.5102109909057617
0.21611595153808594,3.3686540126800537,2.6994879245758057,0.7505199909210205,0.5610589981079102,2.6482696533203125,2.7272462844848633,2.883114814758301,2.6537930965423584,0.4565258026123047,1.253486156463623,0.20909786224365234,0.7898907661437988,0.812716007232666,2.93562388420105,10.697808027267456,0.5124101638793945,2.898874044418335,2.621673107147217,0.6963441371917725,2.968467950820923,2.7505991458892822,6.573496103286743,2.701200008392334,2.7589540481567383,5.000429153442383,11.337847709655762,0.21094870567321777,5.267487049102783,5.231221914291382,5.3422157764434814,0.5588462352752686,2.4971160888671875
0.17763805389404297,3.4154770374298096,2.7248570919036865,0.7511610984802246,0.5457301139831543,2.673321008682251,2.740399122238159,2.8652899265289307,2.6550211906433105,0.43634891510009766,1.1896419525146484,0.20725202560424805,0.7663261890411377,0.7361791133880615,2.9105091094970703,10.674370050430298,0.4650881290435791,2.860121250152588,2.6613266468048096,0.6548290252685547,2.870971918106079,2.6991770267486572,6.570671081542969,2.708435297012329,2.760575294494629,5.01054573059082,11.247813940048218,0.265369176864624,5.304724931716919,5.254570960998535,5.411086082458496,0.5851378440856934,2.4973912239074707
0.19235873222351074,3.4200499057769775,2.7578980922698975,0.7450771331787109,0.5044081211090088,2.660609006881714,2.6838388442993164,2.877171039581299,2.6652071475982666,0.4451639652252197,1.1823477745056152,0.19005537033081055,0.7659199237823486,0.8183491230010986,2.9441990852355957,10.696381092071533,0.4447171688079834,2.8395819664001465,2.629636764526367,0.6760680675506592,2.8600282669067383,2.7246687412261963,6.536672830581665,2.6888580322265625,2.7871041297912598,5.032421827316284,11.293829202651978,0.24378395080566406,5.329504013061523,5.260894060134888,5.426403045654297,0.5448319911956787,2.5111050605773926
0.19926691055297852,3.3670196533203125,2.736253023147583,0.7732639312744141,0.5824487209320068,2.6969778537750244,2.713921070098877,2.9003639221191406,2.6308140754699707,0.4462599754333496,1.269270658493042,0.206132173538208,0.7845029830932617,0.8005130290985107,2.9313130378723145,10.724303007125854,0.4820730686187744,2.8517329692840576,2.623706102371216,0.6879820823669434,2.858900785446167,2.7242941856384277,6.675745010375977,2.7351129055023193,2.809556245803833,5.045674085617065,11.41372299194336,0.20159006118774414,5.2805540561676025,5.250422716140747,5.452962160110474,0.6002850532531738,2.5080671310424805
0.20798921585083008,3.415426015853882,2.733457088470459,0.7494959831237793,0.5271520614624023,2.7089169025421143,2.7312817573547363,2.910054922103882,2.6298511028289795,0.4520702362060547,1.1848719120025635,0.1934349536895752,0.7658548355102539,0.7620182037353516,2.916404962539673,10.73647689819336,0.43384313583374023,2.9097342491149902,2.655816078186035,0.7006330490112305,3.002880096435547,2.7634541988372803,6.572572946548462,2.703962802886963,2.794227123260498,4.99698805809021,11.36210012435913,0.2395777702331543,5.328958988189697,5.264757871627808,5.447903156280518,0.6001720428466797,2.51145601272583
0.21553301811218262,3.3738889694213867,2.7491328716278076,0.7820947170257568,0.500715970993042,2.6714789867401123,2.7318367958068848,2.929715871810913,2.6727497577667236,0.4417848587036133,1.216001033782959,0.21567893028259277,0.8055269718170166,0.775475025177002,2.9206202030181885,10.730078220367432,0.4642670154571533,2.823317050933838,2.603166341781616,0.6470117568969727,2.8547420501708984,2.750770092010498,6.542903900146484,2.707329034805298,2.779587984085083,5.0498340129852295,11.392931699752808,0.22140908241271973,5.327466011047363,5.2795960903167725,5.383205890655518,0.6024949550628662,2.505971908569336
0.1923351287841797,3.386975049972534,2.757472038269043,0.8220632076263428,0.5211880207061768,2.683134078979492,2.7266111373901367,2.828234910964966,2.6504459381103516,0.45281291007995605,1.2307279109954834,0.18854808807373047,0.7517871856689453,0.7587840557098389,2.930763006210327,10.722027778625488,0.49843502044677734,2.8600120544433594,2.680630922317505,0.7289168834686279,2.9640419483184814,2.7632148265838623,6.656579971313477,2.6686789989471436,2.785996675491333,5.0304460525512695,11.387253761291504,0.20482611656188965,5.370384216308594,5.2854039669036865,5.430312156677246,0.6070630550384521,2.50058913230896
0.213120698928833,3.3866360187530518,2.752969980239868,0.790057897567749,0.5690250396728516,2.690122365951538,2.7349228858947754,2.8598110675811768,2.670862913131714,0.4214498996734619,1.164964199066162,0.18431377410888672,0.7786612510681152,0.74953293800354,2.920408248901367,10.670026779174805,0.4689626693725586,2.9009110927581787,2.6732122898101807,0.7228889465332031,3.0034708976745605,2.7474842071533203,6.630249977111816,2.709613800048828,2.7973687648773193,5.055498838424683,11.403300046920776,0.23581314086914062,5.298849105834961,5.242645025253296,5.365467071533203,0.5855569839477539,2.503673791885376
0.21521711349487305,3.409529209136963,2.7504899501800537,0.8128311634063721,0.5684909820556641,2.6690332889556885,2.7023229598999023,2.9284160137176514,2.652660846710205,0.43589019775390625,1.2612719535827637,0.2003011703491211,0.750540018081665,0.7895150184631348,2.897304058074951,10.680485725402832,0.4536581039428711,2.8751277923583984,2.6652469635009766,0.7080328464508057,2.994033098220825,2.793811082839966,6.621598958969116,2.7135400772094727,2.7950961589813232,5.043931007385254,11.357846975326538,0.2369089126586914,5.260562896728516,5.265359163284302,5.431941986083984,0.5894849300384521,2.510481119155884
0.2160477638244629,3.393017053604126,2.7331459522247314,0.7944650650024414,0.556793212890625,2.671623945236206,2.726935863494873,2.8808810710906982,2.6761248111724854,0.43576812744140625,1.141765832901001,0.2136828899383545,0.7872951030731201,0.7511410713195801,2.868675947189331,10.679612874984741,0.46149706840515137,2.884330987930298,2.645925998687744,0.7153620719909668,2.97578501701355,2.7456140518188477,6.623271226882935,2.7020251750946045,2.82413911819458,5.0586771965026855,11.363526821136475,0.24419403076171875,5.327652215957642,5.234310150146484,5.4508750438690186,0.6144590377807617,2.49957013130188
0.2010788917541504,3.4152960777282715,2.775397777557373,0.8067941665649414,0.5131680965423584,2.682835340499878,2.7315237522125244,2.858154058456421,2.660611867904663,0.43343114852905273,1.238685131072998,0.21094298362731934,0.7077229022979736,0.733694314956665,2.904629945755005,10.694837093353271,0.48464417457580566,2.8857150077819824,2.679790735244751,0.688403844833374,2.9755752086639404,2.743821859359741,6.590471982955933,2.684638023376465,2.808623790740967,5.050187110900879,11.408885955810547,0.24129319190979004,5.330410957336426,5.2454609870910645,5.368826150894165,0.5595681667327881,2.5118157863616943
0.20059990882873535,3.2354631423950195,2.7432949542999268,0.8201711177825928,0.5660128593444824,2.6780741214752197,2.7302849292755127,2.910823106765747,2.6618926525115967,0.4415009021759033,1.2064502239227295,0.2041950225830078,0.7306919097900391,0.7744941711425781,2.8973031044006348,10.68195104598999,0.4496161937713623,2.859706163406372,2.6787891387939453,0.750493049621582,2.979469060897827,2.750694990158081,6.5738301277160645,2.7493350505828857,2.8159289360046387,5.049175977706909,11.377853870391846,0.22841620445251465,5.297133207321167,5.247771263122559,5.460952043533325,0.6035771369934082,2.504455089569092
0.21881389617919922,3.4307329654693604,2.732241153717041,0.8009662628173828,0.5515532493591309,2.7051210403442383,2.7218308448791504,2.899150848388672,2.6805849075317383,0.4348580837249756,1.1558239459991455,0.19893312454223633,0.7509860992431641,0.7591407299041748,2.8827149868011475,10.64362907409668,0.45086026191711426,2.8255069255828857,2.6392340660095215,0.6892170906066895,2.8448588848114014,2.7153961658477783,6.56828498840332,2.70881986618042,2.7799859046936035,5.056958913803101,11.380185842514038,0.23583006858825684,5.260464906692505,5.239975929260254,5.415434122085571,0.5783460140228271,2.520763874053955
0.19310498237609863,3.399378776550293,2.748853921890259,0.7778291702270508,0.4969010353088379,2.685886859893799,2.685555934906006,2.883453130722046,2.638637065887451,0.42182207107543945,1.1445047855377197,0.21379780769348145,0.7585446834564209,0.7592661380767822,2.893277168273926,10.69353723526001,0.45142292976379395,2.8493146896362305,2.6377508640289307,0.6836018562316895,2.8742480278015137,2.7485361099243164,6.617283821105957,2.709676742553711,2.805947780609131,5.047908067703247,11.364337921142578,0.2434220314025879,5.3228230476379395,5.244218111038208,5.400545120239258,0.5763280391693115,2.5023741722106934
0.20021700859069824,3.359618902206421,2.7149739265441895,0.7135648727416992,0.5303988456726074,2.649045944213867,2.6999120712280273,2.8998188972473145,2.6290931701660156,0.4163041114807129,1.0771090984344482,0.2275087833404541,0.7632176876068115,0.739987850189209,2.935713768005371,10.66530704498291,0.4702000617980957,2.8447561264038086,2.633363962173462,0.7152228355407715,2.9735910892486572,2.7685818672180176,6.575394868850708,2.6974048614501953,2.7692458629608154,5.042298078536987,11.379536151885986,0.2607228755950928,5.335556745529175,5.239017963409424,5.440325021743774,0.5829379558563232,2.4930081367492676
0.21251296997070312,3.3857131004333496,2.7333250045776367,0.7595160007476807,0.49552202224731445,2.650589942932129,2.7016232013702393,2.86907696723938,2.672513961791992,0.44220900535583496,1.204287052154541,0.21421408653259277,0.8397271633148193,0.8154890537261963,2.9479129314422607,10.742671966552734,0.46321582794189453,2.875730037689209,2.653071165084839,0.650672197341919,2.8687119483947754,2.7360458374023438,6.6571221351623535,2.690981864929199,2.8064632415771484,4.994461297988892,11.379136085510254,0.23853683471679688,5.361267805099487,5.278987884521484,5.439276933670044,0.6000969409942627,2.514816999435425
0.20394301414489746,3.3792319297790527,2.7188100814819336,0.7818591594696045,0.5093576908111572,2.6607778072357178,2.729491949081421,2.907336950302124,2.6744377613067627,0.44672513008117676,1.2455370426177979,0.19833803176879883,0.7901661396026611,0.7692899703979492,2.941926956176758,10.710798978805542,0.492595911026001,2.8800079822540283,2.6518971920013428,0.700761079788208,2.8663978576660156,2.737694025039673,6.552722930908203,2.6858460903167725,2.7837319374084473,5.04121994972229,11.410891056060791,0.22765326499938965,5.324576139450073,5.256234884262085,5.431180953979492,0.5854589939117432,2.5129740238189697
0.2140660285949707,3.294567108154297,2.710392951965332,0.7155649662017822,0.49901390075683594,2.684016227722168,2.718351125717163,2.8877930641174316,2.62241792678833,0.4443807601928711,1.2708299160003662,0.22158384323120117,0.8004860877990723,0.8256409168243408,2.9303061962127686,10.718811988830566,0.4776268005371094,2.8781251907348633,2.647873640060425,0.7308249473571777,2.9855260848999023,2.7464799880981445,6.575477123260498,2.6617071628570557,2.7774388790130615,5.0315539836883545,11.38410496711731,0.2048027515411377,5.315264701843262,5.250488996505737,5.420694828033447,0.6118648052215576,2.476823091506958
0.18131303787231445,3.4179649353027344,2.7481300830841064,0.7965240478515625,0.5354311466217041,2.671128749847412,2.660858154296875,2.9124951362609863,2.6641201972961426,0.43027400970458984,1.1736130714416504,0.19340109825134277,0.7680058479309082,0.7658271789550781,2.9474291801452637,10.725290060043335,0.4730088710784912,2.8932321071624756,2.6647140979766846,0.7252449989318848,2.9968278408050537,2.745251178741455,6.580648899078369,2.700334072113037,2.8083770275115967,5.044846773147583,11.408268690109253,0.23537302017211914,5.290632009506226,5.280713081359863,5.402865886688232,0.595792293548584,2.4937591552734375
0.20197510719299316,3.257161855697632,2.750486135482788,0.7872269153594971,0.5426831245422363,2.6719870567321777,2.701392889022827,2.8305420875549316,2.649055242538452,0.44222593307495117,1.2117750644683838,0.22151899337768555,0.7906808853149414,0.8116400241851807,2.91874361038208,10.692755937576294,0.4369502067565918,2.854414224624634,2.6298348903656006,0.7084290981292725,2.9726150035858154,2.7663159370422363,6.6011059284210205,2.7005791664123535,2.8046939373016357,5.030685901641846,11.379647016525269,0.22112512588500977,5.29498815536499,5.272017955780029,5.420685052871704,0.5862059593200684,2.5235791206359863
0.18927478790283203,3.4002652168273926,2.7388339042663574,0.8205738067626953,0.5507678985595703,2.6779110431671143,2.7375988960266113,2.91597318649292,2.639967918395996,0.4550950527191162,1.238844871520996,0.20064425468444824,0.8004968166351318,0.7316169738769531,2.9225070476531982,10.745463848114014,0.4846069812774658,2.8824167251586914,2.6657919883728027,0.7402830123901367,3.0084850788116455,2.749652147293091,6.609625816345215,2.705660820007324,2.8416199684143066,5.029858112335205,11.360307931900024,0.21494197845458984,5.286375999450684,5.208369970321655,5.414968252182007,0.5659470558166504,2.4934258460998535
0.21215009689331055,3.4050002098083496,2.7206168174743652,0.8304061889648438,0.5765907764434814,2.6927249431610107,2.7177858352661133,2.913630962371826,2.6453487873077393,0.43764209747314453,1.2079753875732422,0.2183361053466797,0.8072469234466553,0.7549088001251221,2.9347660541534424,10.720400094985962,0.4615960121154785,2.8228349685668945,2.657271146774292,0.7354190349578857,2.991220235824585,2.7472639083862305,6.567238807678223,2.673205614089966,2.8033201694488525,5.0656280517578125,11.38053011894226,0.24266695976257324,5.30039381980896,5.296143293380737,5.431885004043579,0.5958840847015381,2.5232203006744385
0.20111989974975586,3.412632942199707,2.7569220066070557,0.7889988422393799,0.5562779903411865,2.6872501373291016,2.726195812225342,2.9070370197296143,2.660640001296997,0.4478309154510498,1.199186086654663,0.1977698802947998,0.8066079616546631,0.7611699104309082,2.9116370677948,10.686838865280151,0.45261502265930176,2.8756706714630127,2.6475141048431396,0.706369161605835,2.9842660427093506,2.7584218978881836,6.607533931732178,2.7291340827941895,2.800950765609741,5.039292335510254,11.402514219284058,0.24712395668029785,5.253332853317261,5.233786106109619,5.349754095077515,0.5746500492095947,2.4973487854003906
0.20873808860778809,3.4400651454925537,2.770681142807007,0.8122920989990234,0.5253660678863525,2.685542106628418,2.7262802124023438,2.880711793899536,2.6668992042541504,0.45772624015808105,1.1805779933929443,0.1962270736694336,0.7939460277557373,0.7342207431793213,2.9306321144104004,10.73698902130127,0.46008777618408203,2.87968111038208,2.659912109375,0.695836067199707,2.8524389266967773,2.739845037460327,6.643109083175659,2.7127609252929688,2.7859249114990234,5.056869268417358,11.432509899139404,0.2373960018157959,5.3393096923828125,5.2811079025268555,5.422159910202026,0.5438458919525146,2.5034890174865723
0.19802379608154297,3.3175458908081055,2.7249772548675537,0.7310202121734619,0.5093960762023926,2.6637191772460938,2.6756598949432373,2.85846209526062,2.653615951538086,0.42870497703552246,1.1661739349365234,0.20859599113464355,0.7274541854858398,0.7196571826934814,2.9103331565856934,10.661404848098755,0.4450531005859375,2.839775323867798,2.6520559787750244,0.7003209590911865,2.876857042312622,2.7643160820007324,6.626490831375122,2.716560125350952,2.8095388412475586,5.011098861694336,11.328278064727783,0.24288702011108398,5.2821009159088135,5.246721029281616,5.3271729946136475,0.5483410358428955,2.5130152702331543
0.1894059181213379,3.1889519691467285,2.71040415763855,0.7524747848510742,0.5010669231414795,2.665800094604492,2.727864980697632,2.8871212005615234,2.6960179805755615,0.423267126083374,1.2203540802001953,0.20211005210876465,0.7984278202056885,0.7903170585632324,2.9357502460479736,10.735216856002808,0.4647200107574463,2.8851656913757324,2.6494762897491455,0.7078189849853516,2.953305244445801,2.74355411529541,6.5881688594818115,2.6856789588928223,2.7655060291290283,5.014993906021118,11.274173021316528,0.23704290390014648,5.31804895401001,5.215741872787476,5.359250783920288,0.5525341033935547,2.5006582736968994
0.18348908424377441,3.397156000137329,2.7504823207855225,0.7790520191192627,0.5168509483337402,2.6670799255371094,2.718143939971924,2.868708848953247,2.6484739780426025,0.40049171447753906,1.1208200454711914,0.19579482078552246,0.7254033088684082,0.7507772445678711,2.977803945541382,10.710433959960938,0.48091912269592285,2.9199180603027344,2.664263963699341,0.7210288047790527,2.994246006011963,2.7596170902252197,6.572206020355225,2.6505749225616455,2.7688510417938232,5.0406882762908936,11.297104835510254,0.2307901382446289,5.312772035598755,5.309873819351196,5.417135953903198,0.5862829685211182,2.5162670612335205
0.19374513626098633,3.3867456912994385,2.754673957824707,0.7892987728118896,0.5629189014434814,2.690074920654297,2.72904896736145,2.8547861576080322,2.637181043624878,0.4306199550628662,1.2180697917938232,0.1822211742401123,0.7951409816741943,0.7993729114532471,2.964935779571533,10.738533973693848,0.45890092849731445,2.8961007595062256,2.646228075027466,0.6921830177307129,3.009788990020752,2.7452280521392822,6.595627069473267,2.7113521099090576,2.7959699630737305,5.0319530963897705,11.341814994812012,0.2338392734527588,5.309348821640015,5.272085189819336,5.46114182472229,0.5886735916137695,2.499936103820801
0.19569087028503418,3.3896732330322266,2.7352898120880127,0.7746150493621826,0.5396010875701904,2.6693639755249023,2.696899890899658,2.9146177768707275,2.617093086242676,0.4293341636657715,1.1139209270477295,0.21553587913513184,0.7587101459503174,0.8130419254302979,2.9415159225463867,10.763927936553955,0.4809260368347168,2.8928511142730713,2.6653847694396973,0.7363431453704834,2.9828972816467285,2.7203209400177,6.585989236831665,2.716663122177124,2.783967971801758,5.0295727252960205,11.317807674407959,0.25386500358581543,5.309356927871704,5.301119327545166,5.415280818939209,0.5899038314819336,2.4979538917541504
0.2160511016845703,3.288444995880127,2.7485198974609375,0.8016877174377441,0.5572130680084229,2.679774045944214,2.730234146118164,2.9103200435638428,2.6454241275787354,0.4097561836242676,1.1944220066070557,0.19297480583190918,0.8160009384155273,0.8076622486114502,2.9444081783294678,10.723309993743896,0.46590113639831543,2.8489627838134766,2.6723580360412598,0.7137351036071777,2.966536045074463,2.74875807762146,6.63565993309021,2.7299609184265137,2.775067090988159,5.039228200912476,11.312559127807617,0.22647595405578613,5.325322151184082,5.289592027664185,5.436779022216797,0.5874152183532715,2.5001561641693115
0.1878361701965332,3.2550442218780518,2.725912094116211,0.8310842514038086,0.5787162780761719,2.6856372356414795,2.7201731204986572,2.9005849361419678,2.6275107860565186,0.45481204986572266,1.1847200393676758,0.21566081047058105,0.7656729221343994,0.778925895690918,2.960371971130371,10.74503493309021,0.4623267650604248,2.883425712585449,2.6655681133270264,0.705946683883667,2.986633062362671,2.7666449546813965,6.591686964035034,2.6654670238494873,2.7988107204437256,5.018092155456543,11.341602802276611,0.24637913703918457,5.322443008422852,5.2320592403411865,5.439831018447876,0.6003072261810303,2.50724720954895
0.2113790512084961,3.422100067138672,2.741364002227783,0.7976970672607422,0.56968092918396,2.6800811290740967,2.7049038410186768,2.851562976837158,2.6503958702087402,0.4283609390258789,1.2002601623535156,0.20944786071777344,0.7654500007629395,0.8003480434417725,2.949434757232666,10.750729084014893,0.47540283203125,2.879201889038086,2.670153856277466,0.7559969425201416,2.960590124130249,2.718930959701538,6.591494083404541,2.698793888092041,2.824134111404419,5.0310728549957275,11.284722805023193,0.2440509796142578,5.315932035446167,5.285474061965942,5.431234121322632,0.5952670574188232,2.5206940174102783
0.19778800010681152,3.389925241470337,2.725419044494629,0.8095507621765137,0.5440278053283691,2.685159921646118,2.7195229530334473,2.9097237586975098,2.639835834503174,0.42070889472961426,1.1656858921051025,0.20317792892456055,0.7523248195648193,0.7510101795196533,2.9262382984161377,10.722445964813232,0.46356916427612305,2.8589138984680176,2.6815319061279297,0.7229018211364746,2.9112000465393066,2.716203212738037,6.564054012298584,2.7398428916931152,2.769867181777954,5.0296478271484375,11.344602823257446,0.2200310230255127,5.304987192153931,5.340662956237793,5.39116907119751,0.5917959213256836,2.51336932182312
0.21348929405212402,3.397067070007324,2.7495758533477783,0.7848169803619385,0.5367372035980225,2.6623706817626953,2.710330009460449,2.8859379291534424,2.6390018463134766,0.4166088104248047,1.2483258247375488,0.2159719467163086,0.7739121913909912,0.8353829383850098,2.9154250621795654,10.712475299835205,0.4941539764404297,2.8209290504455566,2.678049087524414,0.7190911769866943,2.9988889694213867,2.756690263748169,6.619843244552612,2.7038381099700928,2.8006439208984375,5.009437322616577,11.348252058029175,0.23151493072509766,5.285367727279663,5.2594640254974365,5.44011116027832,0.6014699935913086,2.49759578704834
0.19939708709716797,3.2106921672821045,2.7587101459503174,0.8097407817840576,0.5370566844940186,2.6774141788482666,2.6970863342285156,2.8443310260772705,2.6837728023529053,0.4055309295654297,1.1403210163116455,0.21507716178894043,0.7936291694641113,0.8334143161773682,2.9320340156555176,10.721723079681396,0.4787602424621582,2.869166851043701,2.6357431411743164,0.6591670513153076,2.8960492610931396,2.783047914505005,6.582784175872803,2.721526861190796,2.817732810974121,5.039191007614136,11.403911113739014,0.23740196228027344,5.2991249561309814,5.286718845367432,5.433769941329956,0.5840761661529541,2.4817731380462646
0.1964271068572998,3.4031050205230713,2.741858959197998,0.7836799621582031,0.5027549266815186,2.7086808681488037,2.716330051422119,2.9253077507019043,2.625791072845459,0.4010910987854004,1.133100986480713,0.20563817024230957,0.7711548805236816,0.774024248123169,2.952796220779419,10.73023796081543,0.49727416038513184,2.88421893119812,2.6777522563934326,0.7001471519470215,2.9671630859375,2.7505879402160645,6.582161903381348,2.6833879947662354,2.778233766555786,4.9856181144714355,11.294344902038574,0.23064184188842773,5.260128021240234,5.231397867202759,5.3591148853302,0.5832021236419678,2.4889516830444336
0.2160327434539795,3.4268312454223633,2.7333240509033203,0.8175318241119385,0.581179141998291,2.698697090148926,2.7185609340667725,2.8605968952178955,2.6517231464385986,0.4190049171447754,1.1782472133636475,0.20522379875183105,0.7781579494476318,0.771611213684082,2.921922206878662,10.739989042282104,0.45992588996887207,2.8505940437316895,2.6431920528411865,0.6647570133209229,2.8583338260650635,2.7210590839385986,6.586338043212891,2.671923875808716,2.7937891483306885,4.985613107681274,11.31171202659607,0.23514509201049805,5.321855068206787,5.1976540088653564,5.378062725067139,0.585597038269043,2.5024800300598145
0.20088696479797363,3.4272258281707764,2.759159803390503,0.8060028553009033,0.5351338386535645,2.6759448051452637,2.7136619091033936,2.8700180053710938,2.6676790714263916,0.4500541687011719,1.1288421154022217,0.1955111026763916,0.766071081161499,0.7697079181671143,2.89825177192688,10.666760921478271,0.44064998626708984,2.8399159908294678,2.649279832839966,0.6771998405456543,2.8576111793518066,2.715718984603882,6.5161871910095215,2.685953140258789,2.782133102416992,5.027307987213135,11.396111965179443,0.23054909706115723,5.320314168930054,5.22846794128418,5.382873773574829,0.5684518814086914,2.517378091812134
0.20565009117126465,3.3616490364074707,2.730024814605713,0.8020732402801514,0.6003520488739014,2.69171404838562,2.700443983078003,2.8856699466705322,2.665299892425537,0.4390139579772949,1.241480827331543,0.21253609657287598,0.7756190299987793,0.7858459949493408,2.929931879043579,10.688932180404663,0.4567890167236328,2.8558690547943115,2.6373698711395264,0.6736471652984619,2.9688689708709717,2.7660789489746094,6.565346002578735,2.7249701023101807,2.7970829010009766,5.032337188720703,11.361682176589966,0.25860095024108887,5.3213419914245605,5.294195890426636,5.3947179317474365,0.5610430240631104,2.4787650108337402
0.21287107467651367,3.358531951904297,2.687649965286255,0.7796711921691895,0.5631999969482422,2.6638388633728027,2.7327897548675537,2.9268360137939453,2.6522319316864014,0.4428691864013672,1.1996121406555176,0.1983499526977539,0.8099188804626465,0.7994191646575928,2.9379100799560547,10.716848134994507,0.49132490158081055,2.84213924407959,2.665874719619751,0.674717903137207,2.9603769779205322,2.750274896621704,6.543892860412598,2.6772689819335938,2.8112571239471436,5.0462868213653564,11.415581226348877,0.209733247756958,5.3115599155426025,5.335312128067017,5.412872791290283,0.5795378684997559,2.505361795425415
0.21349406242370605,3.3872556686401367,2.7284648418426514,0.7598168849945068,0.5356080532073975,2.6837658882141113,2.7373578548431396,2.894663095474243,2.671229124069214,0.4625561237335205,1.2473621368408203,0.19883489608764648,0.7948250770568848,0.7581419944763184,2.949570894241333,10.73725175857544,0.4645071029663086,2.9006028175354004,2.621870994567871,0.6969959735870361,2.841804027557373,2.725008010864258,6.569278955459595,2.6705799102783203,2.7958269119262695,5.0459277629852295,11.421355962753296,0.231184720993042,5.327831029891968,5.258503198623657,5.405004978179932,0.5854477882385254,2.479246139526367
0.19869184494018555,3.206833839416504,2.725127935409546,0.7659568786621094,0.53631591796875,2.6424059867858887,2.7128140926361084,2.859596014022827,2.664268970489502,0.4113752841949463,1.2004942893981934,0.18306922912597656,0.7940840721130371,0.7729508876800537,2.9619107246398926,10.749851942062378,0.4624810218811035,2.87357497215271,2.6749532222747803,0.6940500736236572,2.9687821865081787,2.7138240337371826,6.586667060852051,2.712311029434204,2.786189079284668,5.051687002182007,11.407002210617065,0.2312910556793213,5.318150281906128,5.274372816085815,5.425105094909668,0.5910677909851074,2.510892629623413
0.22145390510559082,3.380485773086548,2.749507188796997,0.7622802257537842,0.572767972946167,2.6575798988342285,2.7107467651367188,2.910703182220459,2.61824107170105,0.4378340244293213,1.1921370029449463,0.2076873779296875,0.7771329879760742,0.7639977931976318,2.9179670810699463,10.734158039093018,0.4822089672088623,2.8858699798583984,2.6505680084228516,0.6936800479888916,2.850550889968872,2.726118803024292,6.591512203216553,2.7119343280792236,2.8135368824005127,5.010987997055054,11.339700937271118,0.22484898567199707,5.300863027572632,5.245384931564331,5.429005146026611,0.5927982330322266,2.505276918411255
0.2247622013092041,3.4460678100585938,2.7504050731658936,0.8265731334686279,0.580399751663208,2.6805620193481445,2.735725164413452,2.928192138671875,2.6652958393096924,0.4480321407318115,1.236809253692627,0.2006692886352539,0.7816147804260254,0.7764511108398438,2.9686453342437744,10.724348068237305,0.4569392204284668,2.879647970199585,2.6616530418395996,0.6892719268798828,2.953336000442505,2.700716018676758,6.554576873779297,2.6925041675567627,2.800539016723633,5.025918960571289,11.377026796340942,0.2265000343322754,5.3508689403533936,5.247971057891846,5.353065252304077,0.5585227012634277,2.4981303215026855
0.186492919921875,3.2589938640594482,2.759941816329956,0.8087239265441895,0.5128729343414307,2.685579776763916,2.734970808029175,2.8856241703033447,2.6845719814300537,0.43308091163635254,1.2005560398101807,0.22631287574768066,0.8138930797576904,0.8080968856811523,2.90398907661438,10.740607976913452,0.4573709964752197,2.870250940322876,2.6335818767547607,0.656256914138794,2.873821258544922,2.726471185684204,6.553521156311035,2.668698787689209,2.7503159046173096,5.0141918659210205,11.422978162765503,0.2504150867462158,5.333801984786987,5.308578014373779,5.41975212097168,0.5498590469360352,2.500683069229126
0.21596813201904297,3.3799238204956055,2.677062749862671,0.7640721797943115,0.5690879821777344,2.6759800910949707,2.6788711547851562,2.8565268516540527,2.6667540073394775,0.44321608543395996,1.2142901420593262,0.2118241786956787,0.784653902053833,0.7854528427124023,2.9303619861602783,10.723793983459473,0.4679279327392578,2.876383066177368,2.669498920440674,0.6845109462738037,2.9922068119049072,2.7419588565826416,6.515688180923462,2.6812708377838135,2.7789840698242188,5.026978969573975,11.361608982086182,0.25139498710632324,5.3517351150512695,5.247010946273804,5.43460488319397,0.56964111328125,2.515040874481201
0.2138679027557373,3.244901180267334,2.7177038192749023,0.7788360118865967,0.517308235168457,2.6669628620147705,2.701342821121216,2.8503706455230713,2.6322240829467773,0.43560099601745605,1.2129199504852295,0.2207963466644287,0.772468090057373,0.7906010150909424,2.92651104927063,10.76019024848938,0.48981595039367676,2.8929500579833984,2.6505484580993652,0.6515522003173828,2.9770848751068115,2.7422759532928467,6.585253953933716,2.6937310695648193,2.763345956802368,5.034376859664917,11.419765949249268,0.19904398918151855,5.332446098327637,5.241985082626343,5.434330701828003,0.5855507850646973,2.4946906566619873
0.19513797760009766,3.425187826156616,2.7002198696136475,0.7365190982818604,0.5086917877197266,2.6597509384155273,2.7101681232452393,2.8839879035949707,2.667344331741333,0.4485177993774414,1.2157261371612549,0.2152259349822998,0.8160350322723389,0.761807918548584,2.924248218536377,10.741403818130493,0.46607375144958496,2.884906768798828,2.6632208824157715,0.7044353485107422,2.9972851276397705,2.751880168914795,6.555887222290039,2.6915018558502197,2.749904155731201,5.042757749557495,11.327070951461792,0.23997282981872559,5.295784950256348,5.276901960372925,5.379688024520874,0.5364580154418945,2.5123958587646484
0.19451093673706055,3.2372562885284424,2.7504899501800537,0.7500779628753662,0.5407261848449707,2.6770920753479004,2.737712860107422,2.9400854110717773,2.6668100357055664,0.4443478584289551,1.2108008861541748,0.21625113487243652,0.7765102386474609,0.8096761703491211,2.9357569217681885,10.74189805984497,0.48856496810913086,2.8681907653808594,2.6409921646118164,0.6468400955200195,2.861255168914795,2.728563070297241,6.537136793136597,2.665188789367676,2.7461347579956055,5.0033180713653564,11.291566848754883,0.25008511543273926,5.270843267440796,5.265013933181763,5.392770767211914,0.6055452823638916,2.502380132675171
0.2062358856201172,3.1776697635650635,2.730694055557251,0.8097763061523438,0.5397939682006836,2.6585021018981934,2.7220332622528076,2.850693702697754,2.628969192504883,0.41507697105407715,1.181028127670288,0.19624590873718262,0.8220682144165039,0.7857077121734619,2.9480671882629395,10.78905987739563,0.440903902053833,2.8651139736175537,2.6308212280273438,0.6462912559509277,2.873654842376709,2.7200281620025635,6.5603437423706055,2.6825530529022217,2.7876951694488525,5.026573657989502,11.319320917129517,0.25233912467956543,5.3004090785980225,5.276793956756592,5.415705919265747,0.5956652164459229,2.501260995864868
0.2137141227722168,3.4208531379699707,2.7408878803253174,0.8159899711608887,0.5121281147003174,2.6941213607788086,2.7295639514923096,2.8977222442626953,2.6780359745025635,0.4455900192260742,1.2505419254302979,0.2114570140838623,0.808366060256958,0.7910079956054688,2.9099221229553223,10.713374853134155,0.4512300491333008,2.854524850845337,2.6346349716186523,0.6807191371917725,2.958277940750122,2.765270948410034,6.612735033035278,2.7006609439849854,2.784651756286621,5.055459976196289,11.35507607460022,0.26880502700805664,5.3498218059539795,5.281306028366089,5.387213945388794,0.5880906581878662,2.480908155441284
0.18612885475158691,3.3545777797698975,2.7447290420532227,0.8420920372009277,0.5218350887298584,2.675168991088867,2.700531005859375,2.8798110485076904,2.656630039215088,0.43524980545043945,1.2451519966125488,0.21598219871520996,0.8212978839874268,0.7803149223327637,2.9445769786834717,10.735372066497803,0.42438817024230957,2.826845169067383,2.6545019149780273,0.6912620067596436,2.9483120441436768,2.732686996459961,6.575652837753296,2.7153608798980713,2.8091561794281006,5.041518211364746,11.416146039962769,0.24605798721313477,5.3183300495147705,5.27674412727356,5.42214298248291,0.6115012168884277,2.4915528297424316
0.18906807899475098,3.38728404045105,2.724433183670044,0.7861771583557129,0.5105926990509033,2.6625561714172363,2.742624044418335,2.8307981491088867,2.680717945098877,0.45063018798828125,1.2278740406036377,0.21637797355651855,0.7857351303100586,0.7794239521026611,2.885809898376465,10.698146104812622,0.45033788681030273,2.841525077819824,2.6786932945251465,0.7404952049255371,3.0094311237335205,2.750497579574585,6.593792200088501,2.6688241958618164,2.775851011276245,5.04840874671936,11.355216264724731,0.2518472671508789,5.326233148574829,5.3100481033325195,5.431251764297485,0.6111180782318115,2.5114030838012695
